timestamp,devanagari,romanization,translation
10:22 – 10:29,"ऐ जून ओयर ढाः उन ओयर ढाः इन्, अणुण जरा ढाः इन्, अनङ्गान् गणिन् गण आइयण इन् उण्डुकौ",Ai jūn oyara ḍhāḥ un oyara ḍhāḥ In aṇuṇ Jarā ḍhāḥ In anaṅgān gaṇin gaṇ āiyaṇa In Jarā ḍhāḥ Uṇḍukau,"Remember the stubborn Avatar Serpents, the guilty Avatar Serpents, the Lord, the Whole Ancient Serpent Lord, Multiple Naga Kings, the Commander and the Troops of Shiva who received the Lord, the Ancient Serpents, and the Two Leprosies."
10:30 – 10:38,ऐए  ऐया अंग ऐन इन् जरा ढाः आन यानिन् इङ्ग् गोङ्कयोः जरा ढाः इन् इन्दून् गोखैः अट् मूकौ ऐ इन् जेऱ्हा अन् गूकौ हो,Aiye aṅga aiy ain In Jarā ḍhāḥ ān yānin iṅg goṅkayoḥ Jarā ḍhāḥ indūn gokhaiḥ aṭ mūkau ai In jeṛhā an gūkau ho,"The two female ascetic (nuns) and the limb, at the height, the Lord and the Ancient Serpents, the heyday, had a vehicle to stir. Concerning the two Gonkas, the Ancient Serpents, and the Lord, the Soma drops by means of the cow holes, and the wandering two Muted Ones - remember the Lord [was] overcome by the Soul and the two fish (Revati Nakshatra – last section of Pisces constellation?)."
10:38 – 10:41,मांग ऐ जून ढौ इमौ खोः,Māṅga ai jūn ḍhau imau khoḥ,"Mang people remember the stubborn two Serpents, these two of the two skies."
10:41 – 10:47,ऐ जून जगे जुन् गोः इन् ज्ञान ढाः अङ्गौ कोचौ ऐयारो अंग जरा ढाः सेण गिहि,Ai jūn jage jun goḥ In jñāna ḍhāḥ aṅgau kocau aiyāro aṅg Jarā ḍhāḥ In seṇ gihi,"Remember the Mankind who moved the Nine and the Lord, [who] understood the Serpents and the two limbs [were the] transgressor - the limb, the Ancient Serpents, the Lord, and the Military House Holder."
10:48 – 10:51,भंग ओइ औ अंग जरा ढाः मच्च ढौकौ,Bhaṅg oi au aṅga Jarā ḍhāḥ dehin ḍhaukau,"Oh, the ruin! Ananta Shesha, the limb, the Ancient Serpents, the corporeal body, and the two Moving Ones."
10:51 – 10:58,भंग ओइ अंग हिंग हि हिंग ओइ जरा ढाः इन् गेहिन् घण् अङ्क् शिणीक केके खे मूकौ हो,Bhaṅg oi aṅg oi hi hiṅg oi Jarā ḍhāḥ In gehin ghaṇ aṅk śiṇīk [kkkk] keke khe mūkau ho,"Oh, the ruin! Oh, the limb! Oh, the Forsaken and the Resin! The Ancient Serpents—the Lord and the Wife of the Householder shined and went crookedly—a shooting pain in the limbs [extend pain sound]. The two cries of a peacock—the two skies (heavens)—the two Muted Ones."
10:58 – 11:01,ऐ जून ओयरा ढाः इन्धे मूकौ हो,Ai jūn oyarā ḍhāḥ indhe mūkau ho,Remember the stubborn two Avatar Serpents [who were] tempted by the two Muted Ones.
11:01 – 11:06,ऐ जून नव जरा ढाः इन्धे कय हय् मूकौ यरादी इन् शिङ्गे हय् मूकौ हो,Ai jūn nau Jarā ḍhāḥ Indhe kay hay mūkau yāradī In śiṅge hay mūkau ho,Remember the stubborn Nine Ancient Serpents tempted the Assembly to worship The Two Silenced Ones—the hereditary office—the Lord in the Youth worshiped the two Silenced Ones.
11:06 – 11:12,ऐ जून जरा ढाः ईशे शे शेषे मूकौ हो इन्दून् जरा ढाः उण्डुकौ हो,Ai jūn Jarā ḍhāḥ īśe śe śeṣe mūkau ho indūn Jarā ḍhāḥ uṇḍukau ho,Remember the stubborn Ancient Serpents in Śiva—He Reclines and Ananta Shesha—the two Muted Ones were the Ancient Serpent Moons—the two Leprosies.
11:12 – 11:16,बंड जराः धौ उन धौ जरा ढाः अर् शूर् शेषे मच्च है,Baṇḍ jarāḥ dhau un dhau Jarā ḍhāḥ ar śūr śeṣe macca hai,The band of rebels—the Ancients—the two Serpents—the guilty two Serpents—the Ancient Serpents that killed; [those] in Ananta Śeṣa the Human Race! (11:16 – 11:30)
11:30 – 11:38,ऐ जून जरा ढाः अर् शूर् शे शेष्यम् मच्च है जौ नौकौ हो जरा ढाः इन् अयु ओमोकौ जरा ढाः  इन् सिन गिहि,Ai jūn Jarā ḍhāḥ ar śūr śe śeṣyam macca hai jau naukau ho Jarā ḍhāḥ In ayu omokau Jarā ḍhāḥ In sin gihi,Remember the stubborn Ancient Serpents who killed—He Reclines and the Remainder Mankind! The two who were born from the Two Emissaries are the Ancient Serpents Lord—the First human race—the two delusions—an Ancient Serpents Lord—the village and the householder.
11:38 – 11:44,बुन्द् अयर धौ उन्द् ओयर ढ अर् शूर् शे शेष्यम् मच्च है जौ नौकौ हो जरा ढाः इन्धे कय हय्,Bund ayara dau und oyara ḍha ar śūr śe śeṣyam macca hai jau naukau ho Jarā ḍhāḥ In dekhi hay,Understand the Eternal two Serpents moistened the Avatar Serpent and killed——He Reclines and The Remainder—Mankind! The two who were born from the Two Emissaries are the Ancient Serpents who tempted the Assembly to worship.
11:44 – 11:51,बन् ओयर ढ इन्धे खी मूकौ हो जरा ढाः उन्द् ओकैः आर उर् शूर् शे शेष्यम् मच्च है,Ban oyara dha indhe khi mūkau ho Jarā ḍhāḥ und okaiḥ ār ur śūr śe śeṣyam macca hai,[They] Begged the Avatar Serpent to be tempted by the elegant two Muted Ones who were they who moistened with the Houses—a large Serpent (Hydra constellation—Āśleṣā Lunar Mansion?) murderers—He Reclines and The Remainder—Mankind!
11:51 – 12:00,भुङ् जरा धौ उन धौ जरा ढाः अंधी जरा धौ जरा ऊ नौकौ जरा ढाः इन्धे कय हय् मूकौ हो जरा ढाः अमू धौ अर् शूर् शे शेष्यम् मच्च है,Bhuṅ jarā dhau un dhau Jarā ḍhāḥ andhī jarā dhau jara dādara ū naukau Jarā ḍhāḥ indhe kay hay mūkau ho Jarā ḍhāḥ amū dhau Jarā ḍhāḥ ar śūr śe śeṣyam macca hai,"{a ritual vocalization employed in Sāmavedic recitation} The ancient two Serpents —the guilty two Serpents, the Storm—the Ancient Two Serpents, the ancient skin rash —the moon, the two Emissaries and the Ancient Serpents who tempted the Assembly to worship the two Muted Ones who are the Ancient Serpents—the speechless two Serpents—the Ancient Serpents who killed—He Reclines and the Remainder—Mankind!"
12:03 – 12:12,इनौ जरा ढाः अह्नोः जरा ढाः इन् जरा ढाः अह्नोः चौ कोचौ जरा ढाः जर्दौ धौ एण येडे धरा अह्नोः जरा ढाः इन्धे दीद मूकौ हो जरा ढाः इन् नौकाः जरा ढाः अंग उंघ जरा ढाः इङ्गे केके मूकौ हो जरा ढाः अंध ओ कोचौ जरा ढाः इङ्गे केके मूकौ हो,Inau Jarā ḍhāḥ ahnoḥ Jarā ḍhāḥ In Jarā ḍhāḥ ahnoḥ cau kocau Jarā ḍhāḥ In jardau dhau eṇ yede dharā ahnoḥ Jarā ḍhāḥ indhe dida mūkau ho Jarā ḍhāḥ In naukāḥ Jarā ḍhāḥ aṅga uṃgha Jarā ḍhāḥ iṅge keke mūkau ho Jarā ḍhāḥ andha O kocau Jarā ḍhāḥ iṅge keke mūkau ho,"The two Kings; The Ancient Serpents for two days; The Ancient Serpents Lord; The Ancient Serpents for two days; the two vile withering ones; The Ancient Serpents Lord: the two aged Serpents and the Black Antelope [Capricorn]; That mentally unstable world; For two days the Ancient Serpents tempted and caused ruin The Two Muted Ones were the Ancient Serpents Lord; The Emissaries and the Ancient Serpents; The Limb and the Sleep; The Ancient Serpents in/on the Earth – uttering the cry of two peacocks; The two Muted Ones who were Ancient Serpents Oh, the blind two withering Ones! The Ancient Serpents in/on the Earth – uttering the cry of two peacocks."
12:19 – 12:26,ऐ जून नव यरादी इषिके हेय मोहौ यरादी इषेः शे मूकौ हो यरादी इन् देख चौ मूकौ हो,Ai jūn Nau Yāradī iṣike hey mohua Yaradi ise śe mūkau ho Yaradi In dēkh cau mūkau ho,Remember the stubborn Nine—the Hereditary Office and the two Arrows—the abandoned two confusions and the Hereditary Office from the desiring one [that] reclines on the Two Muted Ones who are the Hereditary Office Lord who saw the two thieves—the Two Muted Ones
12:26 – 12:32,बन्दी जडौ आणे जरा ढाः अन्दु कोचौ ख जरा ढाः ढे ईसे से सेसे मूकौ हो,Bandi jadau āṇe Jarā ḍhāḥ andu kocau kha Jarā ḍhāḥ ḍhe ise se sese mūkau ho,"The two Heralds and the two stupid ones—the two Orders, the Ancient Serpents and the elephant-foot chain—two withering ones, the Heaven and the Ancient Serpents in the Serpent upon the Lord who assembled into Ananta Śeṣa—the two Muted Ones."
12:32 – 12:36,सानुकौ जरा ढाः ईसे सेसे सेसे सेसे से इङ्गे हय्,Sānukau Jarā ḍhāḥ īse sese sese sese se iṅge hay,"The two haughty Ancient Serpents upon the Lord—Ananta Sesa, Ananta Sesa, Ananta Sesa, came together in/on the earth to worship."
12:36 – 12:43,भुङ् ये जरा ढाः ईसे से मूकौ हो जरा ढाः ईसे से मूकौ हो इन्धे कय हय्,Bhuṅ ye Jarā ḍhāḥ īse se mūkau ho Jarā ḍhāḥ īse se mūkau ho Jarā ḍhāḥ indhe kay hay,{A ritualistic sound} The Ancient Serpents upon the Lord assembled—the two Silenced Ones who are the Ancient Serpents—the two upon the Lord gathered—the two Silenced Ones who are the Ancient Serpents who tempted the Assembly to worship.
12:43 – 12:48,भुङ् जरा ढाः ऊर शूर् शेष्यम् मच्च है अंड जरा ढाः इसिण गिहि मूकौ हो,Bhuṅ Jarā ḍhāḥ ūr śūr śeṣyam macca hai aṇḍ Jarā ḍhāḥ Isin gihi mūkau ho,{Ritualistic chant} The Ancient Serpents killed—The Remainder—[killed] Mankind! The scrotum of the deer and the Ancient Serpents—the Isina House Holder and the Two Silenced Ones.
12:48 – 12:56,ऐ जून न्यारा दाहिन् णिअल नव जरा ढाः ढे इन् णौइ जुरौ धौ ऊ चुचुकौ कमकाः जरा ढाः इने जरौ धौ इन् नेक्की हे,Ai jūn nyārā dāhin ṇiala nau Jarā ḍhāḥ ḍhe In ṇaui jurau dhau ū cucukau kamakāḥ Jarā ḍhāḥ ine jarau dhau In nekki he,"Remember the individual tormenting shackle—the Nine Ancient Serpents in the Serpent; The Lord Ninety; the two violent acts; the two Serpents; the moon - the two nipples of the breasts, the descendants of Kamaka (the One associated with desire) in the Sun [Dynasty]; the two ancient Serpents, the Lord of Uprightness He! (a sound of disapproval)."
12:56 – 13:02,बुन्द जरा ढाः उण्डुकौ हेय जरा ढाः आनौ जरा ढाः उर् शूर् शेषे शेष्यम् मच्च है,Bund Jarā ḍhāḥ uṇḍukau hēy Jarā ḍhāḥ ānau Jarā ḍhāḥ ur śūr śeṣe śeṣyam macca hai,The Lower Ancient Serpents and the Two Leprosies—the Ancient Serpents to be avoided and the Two Breaths—the Ancient Serpents murderers—[those] within Ananta Śeṣa the Remainder—Mankind!
13:02 – 13:10,ईहण नव जरा ढाः ऐशानौ कुजर ढे इन् नौकौ हो जरा ढाः इन्धे कय हय् मूकौ हो जरा ढाः उण्डुकौ हो,Īhaṇ nau Jarā ḍhāḥ aiśānau Kujara ḍhe In naukau ho Jarā ḍhāḥ indhe kay hay mūkau ho Jarā ḍhāḥ uṇḍukau ho,Endeavor [to understand]: The Nine Ancient Serpents and the two of Shiva; the Kujara region in the Serpent and the Lord—two Emissaries are the Ancient Serpents who tempted the Assembly to worship two Muted Ones who are the two Ancient Serpents Leprosies.
13:10 – 13:13,भान्ते कय हय् माया मइ जरा ढाः धौ अङ्कौ माया इसिण गेहे,Bhānte kay hay mai Jarā ḍhāḥ dhau aṅkau Jarā ḍhāḥ isiṇ gehe,"In the moon assembly [they] worshiped the Illusion, recall the Ancient Serpents —the two Serpents and the two flanks—the Ancient Serpents of Isina—Two houses."
13:13 – 13:20,ऐ जून नौकौ हो जरा ढाः इसिण गिहि मूकौ हो जरा ढाः उण्डुकौ जरा ढाः,Ai jūn naukau ho Jarā ḍhāḥ isiṇ gihi mūkau ho Jarā ḍhāḥ uṇḍukau Jarā ḍhāḥ isiṇ gihi,Remember: the stubborn two Emissaries are the Ancient Serpents—the Isina (country) House Master and the two Silenced Ones who are the two Leprosies—the Ancient Serpents and the Isina House Master.
13:20 – 13:26,भांड ओकौ जरा ढाः इन्धे कय हय् मूकौ हो जरा ढाः उण्डुकौ हो जरा ढाः इन्धे कय हय्,Bhāṇḍ okau Jarā ḍhāḥ indhe kay hay mūkau ho Jarā ḍhāḥ uṇḍukau ho Jarā ḍhāḥ indhe kay hay,Buffoons—the two Houses and the Ancient Serpents who tempted the Assembly to worship the two Muted Ones are the two Leprosies and are the Ancient Serpents who tempted the Assembly to worship.
13:26 – 13:33,बाई जून ओयरा ढाः उर् शूर् शे शेष्यम् मच्च है जौ नौकौ जरा ढाः इन्धे कय हय् मूकौ हो,Bāī  jūn oyārā ḍhāḥ ur śūr śe śeṣyam macca hai jau naukau Jarā ḍhāḥ indhe kay hay mūkau ho,The Mother’s stubborn Avatar Serpents murderers—He Reclines and The Remainder—Mankind! Those born from the two Emissaries and the Ancient Serpents who tempted the Assembly to worship the two Muted Ones.
13:33 – 13:36,भण् तोकौ हो जरा ढाः ओषौ शूषौ सौ मच्च है,Bhaṇ ṭokau ho Jarā ḍhāḥ oṣau śūṣau sau macca hai,"Speak of the two Children who are the two burning, hissing, names of Viṣṇu— [the 1st?] Mankind!"
13:36 – 13:41,थान ओक जरा ढाः इन्धे कय हय् मूकौ हो जरा ढाः उण्डुकौ हो,Thān oka Jarā ḍhāḥ indhe kay hay mūkau ho Jarā ḍhāḥ uṇḍukau ho,The dwelling place—The Ancient Serpents tempted the Assembly to worship the two Silenced Ones who are the Ancient Serpents the two Leprosies.
13:41 – 13:47,भान्ते कय हय् मच्च है जौ नौकौ हो जरा ढाः इन्धे कय हय् मूकौ हो,Bhānte kay hay macca hai jau naukau ho Jarā ḍhāḥ indhe kay hay mūkau ho -,The Moon Assembly worshipped Mankind—the two born from the Two Emissaries are the Ancient Serpents who tempted the assembly to worship the Two Silenced Ones.
13:47 – 13:54,ऐ जून नौकौ हो जरा ढाः उण्डुकौ हो मच्च है जरा ढाः अर् शूर् शेषे शेष्यम् मच्च है जौ नौकौ हो,Ai jun Naukau ho Jarā ḍhāḥ uṇḍukau ho macca hai Jarā ḍhāḥ ar śūr śeṣe śeṣyam macca hai jau Naukau ho,Remember the stubborn two Emissaries were the Ancient Serpents and the two Leprosies who were [the 1st] Mankind! The Ancient Serpents who murderers—[those] within Ananta Shesha—the Remainder Mankind! The two born of the two Emissaries.
13:54 – 14:01,भान्ते कय हय् जरौ धौ अन्दु ये जेर ढाः अन् जरा ढाः इने जानानौ नव नौकौ हो जरा ढाः इन् गिहि,Bhānte kay hay jarau dhau andu jarau ye jēra ḍhāḥ an Jarā ḍhāḥ ine jānānau Nau Naukau ho Jarā ḍhāḥ In siṇ gihi,"The Moon Assembly worshipped the two Ancient Serpents—the elephant foot chain and the two Ancients who were overcome by the Serpents: the Ancient Soul Serpents in the Sun [Dynasty]—the two who knew of the Nine and the Two Emissaries who are the Ancient Serpents Lord, [they]thoroughly learned [about] the House Master."
14:02 – 14:13,ऐ जून नव कयर ढ उण्डुकौ हो जरा ढाः इन्धे कय हय् मच्च है जौ नौकौ हो जरा ढाः इन्धे कय हय् मच्च है,Ai jun nau kayara ḍha uṇḍukau ho Jarā ḍhāḥ indhe kay hay macca hai jau naukau ho Jarā ḍhāḥ uṇḍukau ho Jarā ḍhāḥ indhe kay hay macca hai,The stubborn Nine and one of the two Leprosy Serpents are the Ancient Serpents who tempted the Assembly to worship [the 1st] Mankind! The two born from the two Emissaries are the Ancient Serpents and the two Leprosies are the Ancient Serpents that tempted the assembly to worship [the 1st] Mankind!
14:13 – 14:20,बुन्दौ जरा ढाः इन्धे कय हय् मख हुन् जरा ढाः इन्धौकौ हो जरा ढाः इन्धे कय हय् मूकौ हो,Bundau Jarā ḍhāḥ indhe kay hay makha hun Jarā ḍhāḥ Indhaukau ho Jarā ḍhāḥ indhe kay hay mūkau ho,The two Arrow Ancient Serpents who tempted the Assembly to worship the sacrifice and to sacrifice—the two Ancient Serpent Little Moons are the Ancient Serpents who tempted the Assembly to worship the two Silenced Ones.
14:20 – 14:28,भांती जरा धौ जुरः दर् अर् शूर् शेषे शेष्यम् मच्च है जनक जरा धौ उण्डुकौ हो जरा ढाः इन्धे कय हय्,Bhāntī jarā dhau juraḥ dar ar śūr śeṣe śeṣyam macca hai janaka jarā dhau uṇḍukau ho Jarā ḍhāḥ indhe kay hay,The manner in which the Ancient Two Serpents’ violent act tore apart murdering —[those] within Ananta Shesha—the Remainder—Mankind! O Father! The Ancient two Serpents and the two Leprosies are the Ancient Serpents who tempted the Assembly to worship.
14:28 – 14:34,भुङ् जरा ढाः इन् नेक्की हय् मूकौ हो उण्डुकौ हो जरा ढाः अन्दुकौ हो,Bhuṅ Jarā ḍhāḥ In nekki hay mūkau ho Jarā ḍhāḥ uṇḍukau ho Jarā ḍhāḥ andukau ho,"(Ritualistic sound) the Ancient Serpents Lord and the Virtuous One were worshipped—the two Muted Ones are the two Leprosies, the Ancient Serpents—two Elephant Foot Chains."
14:34 – 14:40,,,"154	Bāī  jan jarā dhau yuja dar Jarā ḍhāḥ ar śūr śeṣe śeṣyam macca hai jau naukau ho Jarā ḍhāḥ indhe kay hay बाई जन् जरा धौ युज दर् जरा ढाः अर् शूर् शेषे शेष्यम् मच्च है जौ नौकौ हो जरा ढाः इन्धे कय हय् The Mother birthed the Ancient two Serpents who united to tear apart, the Ancient Serpents murderers—[those] in Ananta Sesa—the Remainder—Mankind! The two born from the two Emissaries who are the Ancient Serpents who tempted the Assembly to worship."
14:40 – 14:47,भण् जरा धौ उन यरादी इनि जानानौ नव जे जेर ढाः अन् नौकौ हो जेर ढाः इन्धे कय हय्,Bhaṇ jarā dhau un yāradī ini jānānau nau jē jera ḍhāḥ an naukau ho jera ḍhāḥ indhe kay hay,"Speak about the Ancient two Serpents and the guilty Hereditary Office in the Lord—the two wise ones and the Nine who were subdued by the Serpents—the two Soul Emissaries, and who were the Ancient Serpents who tempted the Assembly to worship."
14:47 – 14:54,भण् जेर धौ जेण ढाः इन् नेक्की हय् मख है जौ होका यरादी इन्धे कय हय् मूकौ हो,Bhaṇ jera dhau jeṇa ḍhāḥ In nekki hay makha hai jau hōkā Yāradī indhe kay hay mūkau ho,"Speak about those overcome—the two Serpents because the Serpents’ Lord and Virtuous One were worshipped with sacrifice! The Two who were born from the Mariners Compass—the Hereditary Office, [the two who] tempted the Assembly to worship—the Two Muted Ones."
14:54 – 14:58,भण् सेण गिहि मूकौ जरा ढाः इन्धे कय हय्,Bhaṇ seṇ gihi mūkau Jarā ḍhāḥ indhe kay hay,Speak about the Army and the House Master—the two Silenced Ones and the Ancient Serpents who tempted the Assembly to worship
14:58 – 15:02,भान्ते कय हय् मूकौ हो जरा ढाः अर् शूर् शेषे शेष्यम् मच्च है,Bhānte kay hay mūkau ho Jarā ḍhāḥ ar śūr śeṣe śeṣyam macca hai,"In the Moon Assembly [they] worshiped the Two Muted Ones who were the Ancient Serpents, murderers —[those] within Ananta Shesha—the Remainder—[the 1st] Mankind!"
15:02 – 15:07,ऐ जून नौकौ हो जरा ढाः इन्धे कय हय् मूकौ हो जरा ढाः इन्धे कय,Ai jun naukau ho Jarā ḍhāḥ indhe kay hay mūkau ho Jarā ḍhāḥ indhe kay hay,Remember the stubborn two Emissaries were the Ancient Serpents who tempted the Assembly to worship the Two Muted Ones who are the Ancient Serpents who tempted the Assembly to worship.
15:07 – 15:13,भान्तौ कुहोः जरा ढाः इन्धे जरा धौ अन्दु जरा ढाः इन्धे कय हय् मूकौ हो,Bhāntau kuhoḥ Jarā ḍhāḥ indhe jarā dhau andu Jarā ḍhāḥ indhe kay hay mūkau ho,The two Moons and the two Rogues—the Ancient Serpents who tempted—the Ancient two Serpents and the elephant foot chain—the Ancient Serpents who tempted the Assembly to worship the Two Silenced Ones.
15:13 – 15:20,ऐ जून नव जरा ढाः अर् शूर् शेषे शेषे शेष्यम् मच्च है जौ नौकौ हो जरा ढाः इन्धे कय हय्,Ai jun nau Jarā ḍhāḥ ar śūr śeṣe śeṣe śeṣyam macca hai jau naukau ho Jarā ḍhāḥ indhe kay hay,"Remember the stubborn Nine Ancient Serpents, murderers—[those] within Shesha—[those] within Ananta Śeṣa—the Remainder—Mankind! The Two born from the two Emissaries are the Ancient Serpents who tempted the Assembly to worship."
15:20 – 15:26,भान्ते कय हय् मूकौ हो जरा ढाः इन्धे कय हय् मूकौ हो जरा ढाः इन्धे कय हय्,Bhānte kay hay mūkau ho Jarā ḍhāḥ indhe kay hay mūkau ho Jarā ḍhāḥ indhe kay hay,The Moon Assembly worshiped the two Silenced Ones who are the Ancient Serpents that tempted the Assembly to worship—the two Silenced Ones are the Ancient Serpents who tempted the Assembly to worship.
15:26 – 15:33,ऐ जून नौकौ हो जरा ढाः ईसे सेसे से सौ मूकौ जरा ढाः इन्धे कय हय्,Ai jun Naukau ho Jarā ḍhāḥ īse sese se sau mūkau Jarā ḍhāḥ indhe kay hay,Remember the stubborn two Emissaries are the Ancient Serpents—the two Upon the Lord [Siva]—Ananta Sesa—who came together—The two Viṣṇus—the two Silenced Ones—the Ancient Serpents who tempted the Assembly.
15:33 – 15:36,भान्ते कय हय् मूकौ हो जरा ढाः इन्धे कय हय्,Bhānte kay hay mūkau ho Jarā ḍhāḥ indhe kay hay,The Moon Assembly worshiped the two Muted Ones who are the Ancient Serpents that tempted the Assembly to worship.
15:36 – 15:47,भण् जेर धौ उण्डुकौ हो जरा ढाः इन्धे कय हय् बकई जानानौ कोचौ लाल इन् एहि जौ मूकौ हो जलेल इन्धे लय लाल मूकौ हो,Bhaṇ jera dhau uṇḍukau ho Jarā ḍhāḥ indhe kay hay bakai jānānau kocau lāla In ehi jau mūkau ho jalēla indhe lay lala mūkau ho,"Speak about those overcome—the two Serpents—the two Leprosies who were the Ancient Serpents who tempted the Assembly to worship—the Crooked Knife—the two Knowers—the two Withering Ones and the Lord of Persuasion. Come Near! The two who are born from—the Two Muted Ones were tyrannical, tempting the dissolution (or extinction) of the universe into its original state through persuasion—the Two Silenced Ones."
15:47 – 15:52,इन्धौ जलेल अन्दुकैः जलेल उण्डुकौ हो जलेल इन्धे कय हय्,Indhau jalēla andukaiḥ jalēla uṇḍukau ho jalēla indhe kay hay,The two tempters—Oppressive by the ankle chains—tyrannical—the two Leprosies who are the tyranny that tempted the Assembly to worship.
15:52 – 15:56,भान्ते कय हय् जौ नव नौकौ जरा ढाः इन् नेक्की हय्,Bhānte kay hay jau Nau Naukau Jarā ḍhāḥ In nekki hay,The Moon Assembly worshipped the two born from the Nine and the Two Emissaries—Ancient Serpents Lord and The Virtuous One [were] worshipped.
15:56 – 16:03,भाल इल्ले लेले इल्ले लेले हन् गूकौ चौ खोः लेले ल अन्दुकाः लाल इन्धे कय हय्,Bhāla ille lele ille lele han gūkau cau khoḥ lele La andukāḥ lāla indhe kay hay,"The light [was in] depleted states—two flickering, depleted states, both unsteady—the two conquered the two fish, the two vile of the two skies, the two unsteady Indra, the elephant-foot chains—the persuasion that tempted the Assembly to worship."
16:03 – 16:08,बाई जौ नौकौ हो जरा ढाः इन्धे कय हय् मच्च है जरा ढाः इन्धे कय हय्,Bāī jau naukau ho jarā ḍhāḥ indhe kay hay macca hai jarā ḍhāḥ indhe kay hay,"The Mother’s two descendants—the two Emissaries who are the Ancient Serpents, who tempted the Assembly to worship—the Mankind!—The Ancient Serpents who tempted the Assembly to worship."
16:08 – 16:16,भण् नव जरा ढाः इन्धे हय् युनौ लौ अङ्कौ खोः जरा ढे इन् केके अनुकौ कायर इद्धी डि इसिण गिहि,Bhaṇ nau jarā ḍhāḥ indhe hay yunau lau aṅkau khoḥ jarā ḍhe In keke anukau kāyar iddhī ḍi isiṇ gihi,"Speak about the Nine Ancient Serpents that tempted to worship the two bands—the two Indras—the two crooked skies—the Ancient in the Serpent Lord—the two cries of the peacock, the two greedy ones, the cowardly two magical powers that injure—the Lord of the House."
16:18 – 16:24,भान्ते कय हय् मूकौ हो जरा ढाः इन्धे हो जरा ढाः इन्धे हय् नेरा ढाः इन्धे कय हय्,Bhānte kay hay mūkau ho jarā ḍhāḥ indhe ho jarā ḍhāḥ indhe hay nērā ḍhāḥ indhe kay hay,In the moon assembly [they] worshiped the two Silenced Ones who are the Ancient Serpents and were the Ancient Serpents who tempted to worship the goldsmith’s waste—the Serpents who tempted the Assembly to worship.
16:24 – 16:29,भौ जरा ढाः अर् शूर् शेषे शे मच्च है जौ नौकौ हो जरा ढाः इन्धे कय हय्,Bhau jarā ḍhāḥ ar śūr śeṣe śe macca hai jau naukau ho jarā ḍhāḥ indhe kay hay,The two Stars—the Ancient Serpents—murderers—[those] within Ananta Shesha and He Reclines—Mankind! The two born from the two Emissaries are the Ancient Serpents who tempted the Assembly to worship.
16:30 – 16:34,भान्ते कय हय् जरा धौ अह्नोः जरा ढाः इषेः शेषे शे मूकौ हो,Bhānte kay hay jarā dhau ahnoḥ jarā ḍhāḥ iṣeḥ śeṣe śe mūkau ho -,The Moon Assembly worshipped the Ancient two Serpent for two days—the Ancient Serpents from the Desiring One—[and those] within Ananta Shesha—He Reclines—the two Silenced Ones.
16:34 – 16:39,आहेयौ नौकौ हो जरा ढाः एडकौ हो यरादी इन्धेहि मूकौ हो,Āheyau Naukau ho jarā ḍhāḥ eḍakau ho yāradī indhehi mūkau ho,The two associated with the serpents—the Two Emissaries—were the Ancient Serpents—the Two Rams who are the Hereditary Office—Igniters of the two Silenced Ones.
16:39 – 16:43,भण् जरा रु ओअर एर शूर् शे शेष्यम् मच्च है,Bhaṇ jarā ru oar ēr śūr śe śeṣyam macca hai,"Speak about the ancient war—an incarnation of Viṣṇu and the others, murderers —He Reclines and the Remainder—Mankind!"
16:43 – 16:49,ऐ जून नौकौ हो जरा ढाः इन्धे हय् मूकौ हो जरा ढाः इन्धे कय हय् मूकौ हो,Ai jūn naukau ho jarā ḍhah indhe hay mūkau ho jarā ḍhah indhe kay hay mūkau ho,Remember the stubborn two Emissaries are the Ancient Serpents who tempted to worship the two Muted Ones that were the Ancient Serpents who tempted the Assembly to worship—the two Muted Ones.
16:49 – 16:56,ऐ जून अयर ढाः इन् एण ओकौ जरा ढाः इसिण घाय हय् मूकौ हो जरा ढाः इन्धे कय हय्,Ai jūn ayara ḍhāḥ In eṇ okau jarā ḍhah isiṇ ghāy hay mūkau ho jarā ḍhah indhe kay hay,Remember the stubborn ageless Lord and the Deer—the Two Houses—the Ancient Serpents and the Ruler who killed [and] worshipped and the two Silenced Ones who are the Ancient Serpents who tempted the Assembly to worship. (16:56 - 1706)
17:06 – 17:11,ऐ जून नव जरा ढाः इनि जरा धौ अङ्कौ चौ जरा ढाः इन् केके हय् मूकौ हो,Ai jūn nau jarā ḍhah ini jarā dhau aṅkau cau jarā ḍhah In keke hay mūkau ho,"Remember the stubborn Nine Ancient Serpents in the Lord and the Ancient Two Serpents, both sides vile—the Ancient Serpents’ Lord—the crying peacock who worshipped the two Silenced Ones."
17:11 – 17:16,बाई जून नौकौ हो जरा ढाः ईसे सेसे सेसे सेसे सेसे मूकौ हो,Bāī jūn naukau ho jarā ḍhah ise sese sese sese sese se mūkau ho,"The Mother’s stubborn two Emissaries are the Ancient Serpent—Upon the Lord and Ananta Śeṣa, Ananta Śeṣa, Ananta Śeṣa, Ananta Śeṣa assembled—the two Muted Ones."
17:17 – 17:20,बाई यम् नौकौ हो जरा ढाः ईसे शिंग गिहि मूकौ हो,Bāī yum naukau ho jarā ḍhah ise śiṅg gihi mūkau ho,The Mother reined in [her] two Emissaries who are the Ancient Serpents Upon the Lord—battling against the two Silenced Ones.
17:21 – 17:26,भान्ते कय हय् मैया रह् लुण्ड् जरा ढाः अर् शूर् शेषे शेष्यम् मच्च है जौ नौकौ हो,Bhānte kay hay maiyā rah luṇḍ jarā ḍhāḥ ar śūr śeṣe śeṣyam macca hai jau naukau ho,"The Moon Assembly worshipped the 100 who forsook to plunder—the Ancient Serpents, murderers—[those] within Ananta Śeṣa—the Remainder—Mankind! The two born from the two Emissaries."
17:26 – 17:29,बाई जून नौकौ हो जरा ढाः इन्धे कय हय्,Bāī jūn naukau ho jarā ḍhah Indhe kay hay,The Mother’s stubborn two Emissaries are the Ancient Serpents who tempted the Assembly to worship.
17:29 – 17:34,भण्डूकौ हो जरा ढाः अर् शूर् शे शेष्यम् मच्च है इन् नेक्की हय्,Bhaṇḍūkau ho jarā ḍhāḥ ar śūr śe śeṣyam macca hai In nekki hay,The two fish (Pisces?) are the Ancient Serpents who killed—He Reclines and The Remainder—Humans! The Lord—the Virtuous worshipped.
17:34 – 17:38,बुन्दौ जरा ढाः इन्धे कय हय् मूकौ हो,Bundau jarā ḍhāḥ indhe kay hay mūkau ho,The two Arrows and the Ancient Serpents tempted the Assembly to worship the two Muted Ones.
17:38 – 17:43,बाई जौण जरा ढ एण जरा ढाः उण्डुकौ हो जरा ढ ईशे कय हय् मूकौ हो,Bāī jauṇ jarā ḍha eṇ jarā ḍhāḥ uṇḍukau ho jarā ḍha īśe kay hay mūkau ho,The Mother’s [name] Yamunā and the Ancient Serpent—the Antelope and the Ancient Serpents—the Two Leprosies who are the Ancient Serpent in Śiva and the Assembly worshipped the two Silenced Ones.
17:44 – 17:47,भान्ते कय हय् मूकौ हो जरा ढ इन्धे हय्,Bhānte kay hay mūkau ho jarā ḍha indhe hay,The Moon Assembly worshipped the two Silenced One who are the Ancient Serpent that tempted to worship.
17:47 – 17:54,ऐ जून नौकौ जरा ढाः इन्धे हय् मूकौ हो जरा ढाः इन्धे कय हय् मूकौ हो जळाला उण्डुकौ हो,Ai jūn naukau jarā ḍhāḥ indhe hay mūkau ho jarā ḍhāḥ indhe kay hay mūkau ho jaḷālā uṇḍukau ho,Remember the stubborn two Emissaries—Ancient Serpents who tempted the worshipping of the two Muted Ones who are the Ancient Serpents and who tempted the Assembly to worship the two Muted Ones who are the proud two Leprosies.
17:54 – 18:01,भण् जे लाल उन्द् ओयरा (देहिन् सिणा गिहि मूकौ हो लाल इन् जे लाल इन्धे कय हय्,Bhaṇ jē lāla und oyarā dehin siṇ gihi mūkau ho lāla In jē lāla indhe kay hay,"Proclaim that the Persuasion moistened the two Avatars and the Embodied Being moistened the House Master, the two Muted Ones are the Persuasion and the Lord—that Persuasion who tempted the Assembly to worship."
18:01 – 18:12,ऐ जून जे लाल उन्द् ओकौ हो जे लाल एणि जे लाल एणे जे लाल लाल लाल ईलय् लेले अनुला ल एणि लेले ले इल्ले लेले कय हय् मूकौ हो,Ai jūn jē lāla und okau ho jē lāla eṇi jē lāla eṇe jē lāla lāla lāla īlay lele anulā la eṇi lele le ille lele kay hay mūkau ho,"Remember the stubborn Persuasion that moistened the two Houses is that Persuasion—the female black deer, that Persuasion in the Antelope—that Persuasion, Persuasion, Persuasion that moved the two unsteady ones, Queen of Ceylon and the Indra—the Poisonous Insect and the two unsteady ones—in the Indra’s complete absence and the two unsteady ones the Assembly worshipped the two Muted Ones."
18:12 – 18:20,बाई झोंड जरा ढाः ईसे सेसे से मूकौ हो जरा ढाः इसिण गेहे मूकौ हो जरा ढाः इन्धे कय हय् मूकौ हो,Bāī jhōṇḍ jarā ḍhāḥ īse sese se mūkau ho jarā ḍhāḥ isiṇ gehe mūkau ho jarā ḍhāḥ indhe kay hay mūkau ho,The Mother’s Bullies—the Ancient Serpents—the Lords Ananta Sesa [who] assembled [into] the two Muted Ones are the Ancient Serpent Lords—Two Houses—the two Muted Ones are the Ancient Serpents that tempted the Assembly to worship—the two Silenced Ones.
18:20 – 18:29,अईओ शेण उन ओयर ईशे शेषे मूकौ हो जरा ढ इने कौ मूकौ जरा ढ ईसे से मूकौ हो,Aīo śēṇ un oyara īśe śeṣe mūkau ho jarā ḍha ine kau mūkau jarā ḍha īse se mūkau ho,"The deceased one—the dung—the guilty Avatar in Shiva and in Ananta Sesa the two Muted Ones is the Ancient Serpent on the Sun which the two Muted Ones, the Ancient Serpent Lords, incorporated [into] the two Muted Ones."
18:29 – 18:33,ईसे सेसे मूकौ हो जरा ढाः उण्डुकौ हो,Īse sese mūkau ho jarā ḍhāḥ uṇḍukau ho,The Lords Ananta Sesa—the two Muted Ones were the Ancient Serpents—the two Leprosies.
18:33 – 18:39,भान्ते कय हय् मूकौ हो जरा ढाः इन्धे कय हय् मूकौ हो जळाला इन्धे कय हय्,Bhānte kay hay mūkau ho jarā ḍhāḥ indhe kay hay mūkau ho jaḷālā indhe kay hay,The Moon Assembly worshipped the two Muted Ones who are the Ancient Serpents that tempted the Assembly to worship the two Muted Ones and are the defiant one who tempted the Assembly to worship.
18:39 – 18:46,बलूलाः ल इले लेले इले लेले इमौ कौ हो जळाला इले लाल इले लेले इले लेले इमौ कौ हो,Balūlāḥ la ile lele ile lele imau kau ho jaḷālā ile lāla ile lele ile lele imau kau ho,"The Powerful Ones—the Indra—the two Durgās, the two Unsteady Ones; the two Durgās, the two Unsteady Ones—these two, who are [they]? The Defiant Spirit—the two Durgās—the Persuasion—the two Durgās, the two Unsteady Ones; the two Durgās, the two Unsteady Ones—these two, who are [they]?”"
18:46 – 18:54,बाई जौण ओयर इने जरा ढाः उण्डुकौ हो जरा ढाः इन् नेके हय् मूकौ हो जळाला इले कय हय्,Bai jauṇa oyara ine jarā ḍhāḥ uṇḍukau ho jarā ḍhāḥ In neke hay mūkau ho jaḷālā ile kay hay,The Mother’s Yamunā Avatar in the Sun [Dynasty]—Ancient Serpents—the two Leprosies are the Ancient Serpents’ Lord—the Good One—that worshipped the two Muted Ones and are the Defiant One—the two Durgās—the Assembly that worshipped.
18:54 – 18:59,बाई जून ओयर ढाः ईसे कय हय् मूकौ हो जरा ढाः इन् नेके हय्,Bāī jūn oyara ḍhāḥ īse kay hay mūkau ho jarā ḍhāḥ In neke hay,"The Mother’s stubborn Avatar Serpents in the Lord—the Assembly—worshipped the two Muted Ones, [the Assembly] is the Ancient Serpents Lord—the Virtuous Ones [who] worshipped."
19:00 – 19:04,भुङ् जरा ढाः ईसे सेसे से मूकौ हो जरा ढाः ईशिन् गेहे मूकौ हो,Bhuṅ jarā ḍhāḥ īse sese se mūkau ho jarā ḍhāḥ īśin gehe mūkau ho,(Ritualistic Sound) The Ancient Serpents in the Lords Ananta Śeṣa that came together are the Ancient Serpents—the Commander—the two Houses—the two Muted Ones.
19:04 – 19:11,जळाला ल इन् नेके हय् ज मूकौ हो जळाला इले लेले इले लेले इले लेले अङ्कौ हो,Jaḷālā la In neke hay ja mūkau ho Jaḷālā ile lele ile lele ile lele aṅkau ho,"The defiant Indra—the Lord—the Virtuous Ones—worshipped, born from the two Muted Ones. [the Indra] were the defiant Ones, the two Durga, the unsteady Ones, the two Durga, the unsteady Ones, the two Durga, the unsteady Ones, the two flanks."
19:11 – 19:14,बन् ओयारा दी ईसेण गेहे,Ban Oyārā dī īseṇ gehe,Inquire about the Avatars [and their] decline by the Lord—the two Houses.
19:14 – 19:24,बुङ्ग् ओयारा इसिण गेहे मूकौ हो जळाला इन् जलेले इङ्गे लेले इन् जलेल गुलौ लौ ऊय् लाल इले लेले इन् गेहे,Buṅg Oyārā isiṇ gehe mūkau ho jaḷālā In jalēle iṅge lele In jalēla gulau lau ūy lāla ile lele In gehe.,"Abandon the Avatars and the Lord—the two Houses—the two Muted Ones who were the Defiant Ones and the Lord of oppression in the Earth, the two unsteady Ones and the Lord Tyranny—two clitorises—the two Indras who sewed persuasion, the two Durgas—the two unsteady Ones and the Lord—two Houses."
19:24 – 19:32,ऐ जून जळाला इले लेले इले लेले अङ्कौ हो जळाला इले लेले इन् खेले ले इह् इन् कोचौ खोः हयैः जरा ईशिन् गेहे,Ai jūn jaḷālā ile lele ile lele aṅkau ho jaḷālā ile lele In khele le ih In kocau khoḥ hayaiḥ jarā īśin gehe,"Remember the stubborn defiant two unsteady Ones, the two unsteady Ones, the two flanks were the defiant two unsteady Ones—the Lord, the Shaking One— concerning the Indra [they] desired the two Withering (Ancient) in the two skies; along with the horses of Indra [they desired] the Ancient Commander—two Houses."
19:33 – 19:39,भान्ते कय हय् मूकौ हो जरा ढाः ईशिन् गेहे मूकौ हो जरा ढाः इन् नौकौ हो,Bhānte kay hay mūkau ho jarā ḍhāḥ īśin gehe mūkau ho jarā ḍhāḥ In naukau ho,"The Moon Assembly worshipped the two Muted Ones who are the Ancient Serpents Commander—the two Houses, the two Muted Ones who are the Ancient Serpents-Lord—the two Emissaries."
19:39 – 19:45,भण् ओयारा ढाः अर् शूर् शेषे शेष्यम् मच्च हय् मूकौ हो जरा ढाः इन्धे कय हय्,Bhaṇ oyārā ḍhāḥ ar śūr śeṣe śeṣyam macca hay mūkau ho jarā ḍhāḥ indhe kay hay,"Proclaim! The Avatar Serpents, murderers, [the Avatars] in Śeṣa the Remainder, the Mankind, worshipped the two Muted Ones who are the Ancient Serpent that tempted the Assembly to worship."
19:45 – 19:49,भान जरा ढाः इन्धौकौ जरा ढाः इसिण गिहि मूकौ हो,Bhān jarā ḍhāḥ indhaukau jarā ḍhāḥ isiṇ gihi mūkau ho,"[Be] Mindful [of] the Ancient Serpents, the two Little Moon Ancient Serpents—Commander and House Holder—the two Muted Ones."
19:49 – 19:55,भण् जरा ढाः ऊनौ  जरा ढाः हो अर् शूर् शे शेष्यम् मच्च है जनुकौ हो जरा ढाः इन्धे कय हय्,Bhaṇ jarā ḍhāḥ ūnau ho jarā ḍhāḥ ar śūr śe śeṣyam macca hai janukau ho jarā ḍhāḥ indhe kay hay,"Proclaim the Ancient Serpents, the two weaker Ones, were Ancient Serpent murderers—He Rests and the Remainder, the Mankind! The two kneeling Ones are the Ancient Serpents who tempted the Assembly to worship."
19:55 – 20:00,भण् ओयारा ढाः अङ्गौ हो जरा ढाः इसिण गिहि मच्च है,Bhaṇ oyārā ḍhāḥ aṅgau ho jarā ḍhāḥ isiṇ gihi macca hai,Proclaim the Avatar Serpent Limbs (departments) were the Ancient Serpents—Commander and House Holder—Mankind
